{"cameraMode":{"drawMode":0,"name":"Shaded","section":"Shading Mode"},"sceneLighting":false,"audioPlay":false,"sceneViewState":{"m_AlwaysRefresh":false,"showFog":true,"showSkybox":false,"showFlares":true,"showImageEffects":true,"showParticleSystems":true,"showVisualEffectGraphs":true,"m_FxEnabled":true},"in2DMode":false,"pivot":{"x":0.015151165425777436,"y":-0.017190303653478624,"z":-0.0026633604429662229},"rotation":{"x":0.1889556497335434,"y":0.6702996492385864,"z":-0.1824893355369568,"w":0.6940457820892334},"size":0.18540702760219575,"orthographic":false}