{"cameraMode":{"drawMode":0,"name":"Shaded","section":"Shading Mode"},"sceneLighting":false,"audioPlay":false,"sceneViewState":{"m_AlwaysRefresh":false,"showFog":false,"showSkybox":false,"showFlares":false,"showImageEffects":false,"showParticleSystems":false,"showVisualEffectGraphs":true,"m_FxEnabled":true},"in2DMode":false,"pivot":{"x":0.00000762939453125,"y":0.6941925287246704,"z":-0.01222655177116394},"rotation":{"x":-0.00922026950865984,"y":0.965440571308136,"z":-0.25818198919296267,"w":-0.0344797782599926},"size":1.1001060009002686,"orthographic":false}