{"cameraMode":{"drawMode":0,"name":"Shaded","section":"Shading Mode"},"sceneLighting":false,"audioPlay":false,"sceneViewState":{"m_AlwaysRefresh":false,"showFog":false,"showSkybox":false,"showFlares":false,"showImageEffects":false,"showParticleSystems":false,"showVisualEffectGraphs":true,"m_FxEnabled":true},"in2DMode":false,"pivot":{"x":-0.00005418062210083008,"y":0.6943036317825317,"z":-0.004776254296302795},"rotation":{"x":0.010420099832117558,"y":0.9660218358039856,"z":-0.2552345395088196,"w":0.03943668678402901},"size":1.0549960136413575,"orthographic":false}