{"cameraMode":{"drawMode":0,"name":"Shaded","section":"Shading Mode"},"sceneLighting":false,"audioPlay":false,"sceneViewState":{"m_AlwaysRefresh":false,"showFog":false,"showSkybox":false,"showFlares":false,"showImageEffects":false,"showParticleSystems":false,"showVisualEffectGraphs":true,"m_FxEnabled":true},"in2DMode":false,"pivot":{"x":0.03831861913204193,"y":0.2896610498428345,"z":0.04764354228973389},"rotation":{"x":0.05728009343147278,"y":0.9355290532112122,"z":-0.2989634573459625,"w":0.17924287915229798},"size":0.4721909165382385,"orthographic":false}