{"cameraMode":{"drawMode":0,"name":"Shaded","section":"Shading Mode"},"sceneLighting":true,"audioPlay":false,"sceneViewState":{"m_AlwaysRefresh":false,"showFog":true,"showSkybox":true,"showFlares":true,"showImageEffects":true,"showParticleSystems":true,"showVisualEffectGraphs":true,"m_FxEnabled":true},"in2DMode":false,"pivot":{"x":0.8801546096801758,"y":8.33460807800293,"z":1.4136179685592652},"rotation":{"x":0.011752297170460225,"y":0.9880637526512146,"z":-0.11794660985469818,"w":0.09843973815441132},"size":2.409876823425293,"orthographic":true}